{"cameraMode":{"drawMode":0,"name":"Shaded","section":"Shading Mode"},"sceneLighting":true,"audioPlay":false,"sceneViewState":{"showFog":true,"showMaterialUpdate":false,"showSkybox":true,"showFlares":true,"showImageEffects":true,"showParticleSystems":true},"in2DMode":false,"pivot":{"x":-1.8549976348876954,"y":5.989826679229736,"z":-0.7636833190917969},"rotation":{"x":-0.028943806886672975,"y":0.9138470888137817,"z":-0.06619542837142945,"w":-0.3995778262615204},"size":10.0,"orthographic":false}